-- Добавляем авто
INSERT INTO AUTO (ID, NAME, FOUND_YEAR) VALUES ('00000000-0000-0000-0000-000000000000', 'TOYOTA', 1937);
INSERT INTO AUTO (ID, NAME, FOUND_YEAR) VALUES ('00000000-0000-0000-0000-000000000001', 'HONDA', 1948);
INSERT INTO AUTO (ID, NAME, FOUND_YEAR) VALUES ('00000000-0000-0000-0000-000000000002', 'NISSAN', 1933);
INSERT INTO AUTO (ID, NAME, FOUND_YEAR) VALUES ('00000000-0000-0000-0000-000000000003', 'LEXUS', 1989);

-- Добавляем типы авто
INSERT INTO AUTO_TYPES (AUTO_ID, AUTO_TYPE) VALUES ('00000000-0000-0000-0000-000000000000', 'LIGHT');
INSERT INTO AUTO_TYPES (AUTO_ID, AUTO_TYPE) VALUES ('00000000-0000-0000-0000-000000000000', 'OFFROAD');

INSERT INTO AUTO_TYPES (AUTO_ID, AUTO_TYPE) VALUES ('00000000-0000-0000-0000-000000000001', 'OFFROAD');
INSERT INTO AUTO_TYPES (AUTO_ID, AUTO_TYPE) VALUES ('00000000-0000-0000-0000-000000000001', 'UNIVERSAL');

INSERT INTO AUTO_TYPES (AUTO_ID, AUTO_TYPE) VALUES ('00000000-0000-0000-0000-000000000002', 'TRUCK');
INSERT INTO AUTO_TYPES (AUTO_ID, AUTO_TYPE) VALUES ('00000000-0000-0000-0000-000000000002', 'LIGHT');

INSERT INTO AUTO_TYPES (AUTO_ID, AUTO_TYPE) VALUES ('00000000-0000-0000-0000-000000000003', 'TRUCK');
INSERT INTO AUTO_TYPES (AUTO_ID, AUTO_TYPE) VALUES ('00000000-0000-0000-0000-000000000003', 'UNIVERSAL');

-- Добавляем модели авто
INSERT INTO MODEL (ID, AUTO_ID, NAME, BUILD_YEAR, AUTO_TYPE) VALUES ('00000000-0000-0000-0000-000000000000', '00000000-0000-0000-0000-000000000000', 'CELICA', 1998, 'LIGHT');
INSERT INTO MODEL (ID, AUTO_ID, NAME, BUILD_YEAR, AUTO_TYPE) VALUES ('00000000-0000-0000-0000-000000000001', '00000000-0000-0000-0000-000000000001', 'FIT', 2010, 'LIGHT');
INSERT INTO MODEL (ID, AUTO_ID, NAME, BUILD_YEAR, AUTO_TYPE) VALUES ('00000000-0000-0000-0000-000000000002', '00000000-0000-0000-0000-000000000002', 'JUKE', 2011, 'OFFROAD');
INSERT INTO MODEL (ID, AUTO_ID, NAME, BUILD_YEAR, AUTO_TYPE) VALUES ('00000000-0000-0000-0000-000000000003', '00000000-0000-0000-0000-000000000003', 'GS300', 2006, 'LIGHT');