-- Добавляем авто
INSERT INTO AUTO (ID, NAME, FOUND_YEAR) VALUES ('00000000-0000-0000-0000-000000000000', 'TOYOTA', 1937);
INSERT INTO AUTO (ID, NAME, FOUND_YEAR) VALUES ('00000000-0000-0000-0000-000000000001', 'HONDA', 1948);
INSERT INTO AUTO (ID, NAME, FOUND_YEAR) VALUES ('00000000-0000-0000-0000-000000000002', 'NISSAN', 1933);
INSERT INTO AUTO (ID, NAME, FOUND_YEAR) VALUES ('00000000-0000-0000-0000-000000000003', 'LEXUS', 1989);

-- Добавляем типы авто
INSERT INTO AUTO_TYPES (AUTO_ID, AUTO_TYPE) VALUES ('00000000-0000-0000-0000-000000000000', 0);
INSERT INTO AUTO_TYPES (AUTO_ID, AUTO_TYPE) VALUES ('00000000-0000-0000-0000-000000000000', 1);

INSERT INTO AUTO_TYPES (AUTO_ID, AUTO_TYPE) VALUES ('00000000-0000-0000-0000-000000000001', 1);
INSERT INTO AUTO_TYPES (AUTO_ID, AUTO_TYPE) VALUES ('00000000-0000-0000-0000-000000000001', 2);

INSERT INTO AUTO_TYPES (AUTO_ID, AUTO_TYPE) VALUES ('00000000-0000-0000-0000-000000000002', 2);
INSERT INTO AUTO_TYPES (AUTO_ID, AUTO_TYPE) VALUES ('00000000-0000-0000-0000-000000000002', 0);

INSERT INTO AUTO_TYPES (AUTO_ID, AUTO_TYPE) VALUES ('00000000-0000-0000-0000-000000000003', 1);
INSERT INTO AUTO_TYPES (AUTO_ID, AUTO_TYPE) VALUES ('00000000-0000-0000-0000-000000000003', 2);

-- Добавляем модели авто
INSERT INTO MODEL (ID, AUTO_ID, NAME, BUILD_YEAR) VALUES ('00000000-0000-0000-0000-000000000000', '00000000-0000-0000-0000-000000000000', 'CELICA', 1998);
INSERT INTO MODEL (ID, AUTO_ID, NAME, BUILD_YEAR) VALUES ('00000000-0000-0000-0000-000000000001', '00000000-0000-0000-0000-000000000001', 'FIT', 2010);
INSERT INTO MODEL (ID, AUTO_ID, NAME, BUILD_YEAR) VALUES ('00000000-0000-0000-0000-000000000002', '00000000-0000-0000-0000-000000000002', 'JUKE', 2011);
INSERT INTO MODEL (ID, AUTO_ID, NAME, BUILD_YEAR) VALUES ('00000000-0000-0000-0000-000000000003', '00000000-0000-0000-0000-000000000003', 'GS300', 2006);